潭子圓通南店,http://www.kebuke.com/proimages/card/Taichung/20%BC%E6%A4l%B6%EA%B3q%ABn.jpg,<p><span>以店名作為特色，取其諧音的「彈指神通」概念為主軸，將製茶歷程比喻作修練功夫絕學，強調「修練」的過程乃至「熟成」的成果，以蒼蠅代表細微之事，一面手指相向之，表示即便練就神通之力，依然專注於細節；彈指則代表時間極小單位，表示瞬息間的神通成果，付出是背後十年功夫，著重在只要有心至致，人人都能通神功。<\/span><\/p>
台中向上店,http://www.kebuke.com/proimages/card/Taichung/1%C1%60%A9%B1_%A5x%A4%A4%A6V%A4W.jpg,<p><span>可不可品牌再出發，重新和大家見面的一張店卡，不同的茶種風味與煥然一新的裝潢，給了人全新印象及體驗。<\/span><\/p><p><span>熟不熟？他一直就是你味覺熟悉的轉角一字號。<\/span><\/p>
台中青海店,http://www.kebuke.com/proimages/card/Taichung/2%A5x%A4%A4%ABC%AE%FC.jpg,<p><span>車水馬龍的三岔路口，白天是充滿學區上下課的活力感，中午是附近商辦的上班族午間時光，網上則又是三五好友流連忘返的宵夜場所。<\/span><\/p><p><span>這杯，敬無論何種原因，路過的你，也敬這條繁華之路，大家都辛苦了。<\/span><\/p>
台中一中店,http://www.kebuke.com/proimages/card/Taichung/3%A5x%A4%A4%A4%40%A4%A4.jpg,<p><span>考量當地消費群，綜合學生、觀光，以及中部最大World Gym轉角，店卡使用了學生漫畫的「糖分」梗，以及類似操作著健身器材的西洋插畫。中西風格混出浪漫之可不可獨樹一格，與附近連鎖茶飲做出區隔。<\/span><\/p>
台中工學店,http://www.kebuke.com/proimages/card/Taichung/4%A5x%A4%A4%A4u%BE%C7.jpg,<p><span>台語的一句「呷飽沒」總是最快拉近彼此距離，鄰居間最溫暖的問候。<\/span><\/p><p><span>可不可進駐南區，不免想將濃濃人情味帶給當地，然而風情要有，紳士風度和矜持也不可少，套上標準閩南語教學的逐字翻譯，以及羅馬拼音的假性專業，其實，我們只是關心你，別渴到啊！<\/span><\/p>
逢甲福星店,http://www.kebuke.com/proimages/card/Taichung/5%B3%7B%A5%D2%BA%D6%ACP.jpg,<p><span>逢甲店適逢2017年5月開幕，母親節的裙帶效應下，星星知我心的主題誕生。身為人母，數年前也曾是個情竇初開，備受呵護的少女，也如對茶一見鍾情，終身不渝，只願你能細細品嘗一杯。<\/span><\/p>
大里成功店,http://www.kebuke.com/proimages/card/Taichung/.jpg,<p><span>少女心的店卡外，當然也要適時有品牌帥氣的雄姿表現，取「大里」和「達利」之諧音，以及達利生前名言釋義「我就是會讓你迷戀的物品」。<\/span><\/p>
東海遊園店,http://www.kebuke.com/proimages/card/Taichung/7%AAF%AE%FC%B9C%B6%E9.jpg,<p><span>比鄰於全台中占地最廣的大學學區，在盛夏時期正式開幕的遊園店，烈日高溫襲擊之下，防曬和消暑不可或缺，以其獨特又趣味的路名「遊園路」，和備受年輕學子關注之流行歌手所創《園遊會》一曲串聯，和歌詞中「我頂著大太陽，只想為你&hellip;」兩相呼應，店卡融入相關元素，不僅為你撐傘避陽，也為你解渴消暑。<\/span><\/p>
西屯中科店,http://www.kebuke.com/proimages/card/Taichung/8%A6%E8%A4%D9%A4%A4%AC%EC.jpg,<p><span>台中各大科技產業的聚落──中部科學園區，匯集了各色工程科技人員們，這次展現了屬於大人的玩心，用巨大玩具機器人之姿作為象徵，模擬成了復古的怪獸特攝電影場景，從自體發射出強力雷射激光，一擊粉碎中科方圓百里內的口渴之苦，步步佔領中科一帶的心。<\/span><\/p>
沙鹿中山店,http://www.kebuke.com/proimages/card/Taichung/9%A8F%B3%C0%A4%A4%A4s.jpg,<p><span>台中海線地區代表人物聞名遐邇，以在地某次候選人競選標語一時蔚為話題延伸引用，讓在地居民一看到便心有靈犀，並將正在操作器械的挽袖中年人作為主體，代表著我們在這一小店鋪裡肯勤實作、不分寒暑使出渾身解數沒有二話，一切汗水只為了讓人汲取一杯良飲。<\/span><\/p>
台中漢口店,http://www.kebuke.com/proimages/card/Taichung/10%A5x%A4%A4%BA~%A4f.jpg,<p><span>漢口路的四線道與崇德路六線道，餐廳的林立，辦公大樓的聚集，交織出無論平日或假日，皆是人聲鼎沸。<\/span><\/p><p><span>汲營之間，不妨也讓自己好好喝杯茶，清心自然涼。<\/span><\/p>
豐原廟東店,http://www.kebuke.com/proimages/card/Taichung/11%C2%D7%AD%EC%BCq%AAF.jpg,<p><span>與豐原在地插畫家日淳合作，八月的香蕉花，午後的手邊書籍，取意「書中自有黃金屋」之勸學提醒，也意味茶學問之博大精深。<\/span><\/p>
台中第二市場店,http://www.kebuke.com/proimages/card/Taichung/%C4%A4G%A5%AB%B3%F5%A9%B1%A5d-02.png,<p><span>台中第二市場在日本時代原名為「新富町市場」，是台中市現存歷史最悠久的傳統市場，市場內各通道以六角形放射狀排列，在中心會合，名為「六條通」，是台灣目前少數僅存的特殊市場結構遺址，將店卡以復古照片為出發點，以當時第二市場繁華街景融入其中，後方兩幅畫更融入第二市場圖片和市場六角形特色，希望拿到店卡的人也能了解到第二市場的歷史，更能買到一杯茶香濃意的可不可。<\/span><\/p>
大雅民生店,http://www.kebuke.com/proimages/card/Taichung/13%A4j%B6%AE%A5%C1%A5%CD.jpg,<p><span>活著就這麼一回，人生七情六慾，哪還有那麼多時間抉擇取捨愛情還是麵包呢？選你所愛，愛你所選。<\/span><\/p><p><span>愛情、麵包、還有茶，喝一口，別白活。<\/span><\/p>
台中黎明店,http://www.kebuke.com/proimages/card/Taichung/14%A5x%A4%A4%BE%A4%A9%FA.jpg,<p><span>90年代家喻戶曉的港台四大天王之一，將其當年經典成名曲《今夜你會不會來》作為店卡主調，喚起擁有共同回憶的一群人記憶，也藉以曲名意有所指「今夜的你，會不會來一起作伙乎乾？」來增添趣味。<\/span><\/p><p><span>也許你只是一個最美麗的陰影，也許是我們前世的約定，是我這一生中在等待的──手搖飲。<\/span><\/p>
太平樹孝店,http://www.kebuke.com/proimages/card/Taichung/15%A4%D3%A5%AD%BE%F0%A7%B5.jpg,<p><span>飲食不分語言、國籍、年代，人們味蕾感知，或許存在著一種心照不宣的默契。<\/span><\/p>
台中大智店,http://www.kebuke.com/proimages/card/Taichung/16%A5x%A4%A4%AAF%B0%CF.jpg,<p><span>發掘老台中80年代的活力熱鬧，也對老飲料的廣告風格行最高致敬，東區東區，老台中的魅力隨著節奏邊舞邊體會。<\/span><\/p>
北屯崇德店,http://www.kebuke.com/proimages/card/Taichung/17%A5_%A4%D9%B1R%BCw.jpg,<p><span>從前從前，蒙佩利爾的小小王國裡，國王溫慈愛民，百姓們豐衣足食，生活富饒。國王與王后有名女兒，碧玉年華的年紀卻已精通多項才藝，氣質出眾，深受僕屬及人民的愛戴。不料好景不常，海峽對岸掀起戰火，國王因同盟國的兄弟國家受戰火牽連，出兵前往同盟國界支援，公主也因父王的遠征，日夜思念，積勞成疾。一日，父王與同盟成功收復國土歸來，更帶回了遠洋的茶葉，公主得知父王平安，心中大石終於放下，品嚐異國茶葉後，更是神采奕奕。士兵全數返鄉後，舉國同慶了四天四夜，從此傳為佳話。<\/span><\/p>
霧峰中正店,http://www.kebuke.com/proimages/card/Taichung/18%A5x%A4%A4%C3%FA%AEp.jpg,<p><span>羅丹的沈思者家喻戶曉，而全世界只有20座的官方複製雕像，其中一座就在霧峰亞洲大學。當時校方私藏在圖書館裡保存，事隔多年直到安藤忠雄美術館蓋好時才拿出來展示，結果大家已忘記雕像是真跡，風采也只圍繞在安籐美術館，沈思者就這樣，在戶外風吹雨打聳立著&hellip;<\/span><\/p>
大甲順天店,http://www.kebuke.com/proimages/card/Taichung/19%A4j%A5%D2%B6%B6%A4%D1.jpg,<p><span>大甲三神之一的媽祖，以其信仰伴隨的人文活動為重要文化資產廣為盛名。店卡則因此以民間傳說中，為媽祖察聽世情的兩大御前護衛為主題，千里眼、順風耳左右相輔，一手橫額眺望、一手指耳聽音，在文案上貫徹了眼觀千里、耳聽八方的概念，訴求將來自各個角落的渴望都看在眼裡、聽在耳裡，為大家獻上好茶相助。<\/span><\/p>
大里中興店,http://www.kebuke.com/proimages/card/Taichung/21%A4j%A8%BD%A4%A4%BF%B3.jpg,<p><span>同大里一店取自「大里」、「達利」諧音的大里二店，將達利語錄「每天早上我醒來時，最大的快樂就是做自己」結尾留下空間，讓各自闡釋其心中最大的快樂。以大里達利一手比「Y」幽默地代表大里二店，也意指其每日快樂是到門市來一杯，同時帶出獨有的藍曬牆前打卡之特色。<\/span><\/p>
東區十甲店,http://www.kebuke.com/proimages/card/Taichung/22%AAF%B0%CF%A4Q%A5%D2.jpg,<p><span>「甲」除了有面積單位之意，亦有常見在評鑑優劣等第時所使用的分級之涵，將東區十甲店店名以字面方式拆解，帶上美式漫畫風格，搭配搶眼色彩來呈現活力、誇張趣味性，猶如在作業簿上見到紅字甲評的驚喜，表現出得到「十甲」的瞠目結舌！<\/span><\/p>
台中清水店,http://www.kebuke.com/proimages/card/Taichung/23%A5x%A4%A4%B2M%A4%F4.jpg,<p><span>以「俠義」精神來貫穿主題，將清水的傳奇人物「廖添丁」，加上俠盜「羅賓漢」 共提一桶「清水」，表現出兩人行俠仗義、俠古雲天、樂善好施的俠義性格，在混亂的時代中表現出正義並積極向上的清流形象。<\/span><\/p>
台中烏日店,http://www.kebuke.com/proimages/card/Taichung/24%A5x%A4%A4%AFQ%A4%E9.jpg,<p><span>烏日為臺中重要交通樞紐之一，是中部唯一擁有高鐵、臺鐵、捷運，故以「三鐵共構」為主軸，可不可烏日店又臨近明道中學，所以植入明道精神「天行健，君子以自強不息」的slogan，以擲鐵餅的姿態「扭轉」作為「樞紐」的抽象表現，彷彿雕像般的運動員帶有文藝復興時期的氣質，以及表現出不斷湧出的力量美感。<\/span><\/p>
台中后里店,http://www.kebuke.com/proimages/card/Taichung/25%A5x%A4%A4%A6Z%A8%BD.jpg,<p><span>「嘿~~~查理~~~快起床」<\/span><\/p><p><span>「我們找到后里的可不可了」<\/span><\/p><p><span>「查~~~理~~~」<\/span><\/p><p><span><br \/><\/span><\/p><p><span>#這次不是糖果山拉~<\/span><\/p><p><span>#熟成降臨<\/span><\/p><p><span>#真心不膩<\/span><\/p><p><span>#所見略同<\/span><\/p><p><span>#作伙乎乾<\/span><\/p>
神岡中山店,http://www.kebuke.com/proimages/card/Taichung/26%AF%AB%A9%A3%A4%A4%A4s-.jpg,<p>以中國神話故事裡的經典人物「三太子哪叱」為主角，採用「哪叱鬧海」的故事為背景，營造濃濃的中國風氛圍，並採用slogan「神清氣爽，退火剛好」，巧妙將神岡帶入故事的主軸，哪叱手上的兩杯飲料代表和平與分享的概念，讓原本氣氛緊張的劇情，成功轉化為輕鬆幽默的工商廣告時間。<\/p>
台北大安店,http://www.kebuke.com/proimages/card/Taipei/1%A5x%A5_%A4j%A6w.jpg,<p><span>2017年夏季世大運的成功行銷宣傳，獲得廣大迴響之外，同時也將具有歸屬感的標語深植市民心中。店卡文案延伸「我的主場」作為核心概念，展現不凡氣勢，讓解渴這件事以我們為主導，引起當地共鳴，佐以倆相伴的舞者為象徵引領主舞，自然互動帶出主場的游刃怡然，並讓主視覺上呈現動態活躍感，豐富整體氛圍。<\/span><\/p>
台北北醫店,http://www.kebuke.com/proimages/card/Taipei/%BBO%A5_%A5_%C2%E5%A9%B1%A5d%28%B7s%29.jpg,<p><span>鄰近台北醫學大學， 故以製藥為主題，看病需用藥，解渴則用紅茶，<\/span>並搭配感冒藥廣告台詞，來貼近主題：解渴有兩種&ndash;熟成和麗春，增添幾分趣味!<\/p>
台北站前店,http://www.kebuke.com/proimages/card/Taipei/%A5x%A5_%AF%B8%ABe%A9%B1%A5d%28%B7s%29.jpg,<p><span>位於台北火車站前的南陽街，有眾多的補習班也被稱為補習街，閃爍的招牌以及斗大的標語也成為了南陽街的街景，利用招牌為台北站前的特徵，搭配泛黃老舊的廣告單風格，以及勉勵莘莘學子的精神喊話， 給予往來的學生們精神上的支持 !&nbsp;<\/span><\/p>
台北師大店,http://www.kebuke.com/proimages/card/Taipei/%A5x%A5_%AEv%A4j%A9%B1%A5d%28%B7s%29190827.jpg,<p>人的一生總有一些人或物，<br \/>會在生命裡影響<br \/>或改變著自己的人生，<br \/>我們稱作老師<br \/><br \/>師者，所以傳道授業解惑也；<br \/>茶者，所以滌煩解渴助思也。<br \/>故茶者，亦為師也  。<\/p>
台北晴光店,http://www.kebuke.com/proimages/card/Taipei/5%A5x%A5_%B4%B8%A5%FA.jpg,<p><span>以經典的阿波羅與達芙妮的愛情故事，轉化為店卡設計，直到今天才發現阿波羅一直追著達芙妮的原因，原來是因為她拿走了他的可不可紅茶。<\/span><\/p>
內湖民權店,http://www.kebuke.com/proimages/card/Taipei/%A4%BA%B4%F2%A5%C1%C5v%A9%B1%A5d%28%B7s%29.jpg,<p><span>內湖大陂今稱碧湖，內湖地名的源起與此湖有關。水陂既廣且深，清澈如鏡。淤積後沿湖增建屋舍，湖水顏色如碧，所幸仍是一池活水。<\/span><\/p><p><span>而內湖因境內多山丘，形成多處小盆地地貌，當地人臺灣閩南語稱山坳地為「湖」，故內湖亦是「內部盆地」之義。<\/span><\/p><p><span>店卡改編經典寓言故事「誠實的樵夫」，少年明明在湖邊掉了可不可熟成紅茶，湖神卻將紅茶藏在湖中，說沒有看到紅茶，你掉的應該是斧頭。一如既往表現出可不可式的黑色幽默與可不可熟成紅茶的重要性。<\/span><\/p>
士林大北店,http://www.kebuke.com/proimages/card/Taipei/%A4h%AAL%A4j%A5_%A9%B1%A5d%28%B7s%29.jpg,<p><span>位於人潮眾多的士林夜市，在眾多美食蜂擁下,來一杯解<\/span>膩的紅茶，不僅能夠沖淡舌尖上食物的味道，並帶來一股清香，如同蘇軾詩中所說的人間有味是清歡!清歡一詞也就是清淡的歡愉之意，畫面運用多彩的顏色來代表夜市裡燈火通明、小吃圍繞著紅茶的景象!<\/p>
台北伊通店,http://www.kebuke.com/proimages/card/Taipei/8%A5x%A5_%A5%EC%B3q-.jpg,<p><span>伊：採用古詩「所謂伊人，在水一方」為主軸。<\/span><\/p><p><span>此詩原意中的「伊人」是指愛慕追求之對象，伊人站在遠方沙洲高地之上，四處有流水環繞，意指心上人身在遠方，可望而不可及。明明就站在我的面前，彷彿觸手可及，不顧險阻一路追尋，到頭來只能遠遠地望著伊人停在水中央。<\/span><\/p>
台北通化店,http://www.kebuke.com/proimages/card/Taipei/9%A5x%A5_%B3q%A4%C6.jpg,<p><span>因鄰近臨江夜市，將夜市題材轉化為古代的夜市場景，臨江夜市的拱門置換為古代牌樓拱門，中間主角為穿著中國古代傳統服飾互相餵食的情侶，<\/span><\/p><p><span>表達情侶間非你不可的濃情蜜意，就如同在夜市吃美食一定要搭配可不可那樣的執著。<\/span><\/p>
板橋陽明店,http://www.kebuke.com/proimages/card/new_taipei/1%AAO%BE%F4%B6%A7%A9%FA.jpg,<p><span>咦，原來是中醫橋骨推拿啊，還以為是西方的醫學會議呢！<\/span><\/p><p><span>天熱來一杯，板都橋好了。<\/span><\/p>
永和頂溪店,http://www.kebuke.com/proimages/card/new_taipei/2%A5%C3%A9M%B3%BB%B7%CB.jpg,<p><span>以耶穌慈愛、溫暖的形象給予孩子一杯可不可紅茶，讓一杯紅茶不只是解渴的飲料，更是滿足心理的一份關懷。<\/span><\/p>
新店民權店,http://www.kebuke.com/proimages/card/new_taipei/3%B7s%A9%B1%A5%C1%C5v.jpg,<p><span>《神農本草》中記載「神農嘗百草，日遇七十毒，得茶而解之。」，故我們聽大夫的指示，喝好茶定能有效解口渴。<\/span><\/p>
板橋中山店,http://www.kebuke.com/proimages/card/new_taipei/%AAO%BE%F4%A4%A4%A4s_Web%28%B7s%29.jpg,<p><span>湳仔溪曾經是大漢溪的主要支流，也是現今「板橋」地名的緣起。它曾擔負起航運的重要任務；而在其沖積出的浮洲地區，也曾有一段光榮的歷史，值得重視。<\/span><\/p><p><span>流經板橋南雅及浮洲地區的湳仔溪可說是板橋的母親河，100多年前曾來往運載著貨物，富饒板橋經濟繁榮的生命記憶。<\/span><\/p><p><span>昔日湳仔溪河水寬闊，可行戎克船。大漢溪上游的大溪、三峽等地的茶葉、樟腦都是先載運到板橋，做初步的集散、挑選，再運至新莊、大稻埕。航運興盛最繁華的時候有100 艘戎克船來往。<\/span><\/p><p><span>在道光年間(1820-1850)枋橋街內已有幾間商店，貨物從街上運到湳仔溪，都要跨過公館溝（源自土城的大安圳支線），於是在溝上用二片木板架起一座二板橋，人們便稱此橋為枋橋，成為板橋的古地名。<\/span><\/p><p><span>店卡用了中式風格的插畫，除了呈現當時板橋當時的水運盛世榮景，在熙來人往的忙碌中，人手一杯熟成紅茶，看似蔚為風潮，卻非關流行，這種行為是基於人對於紅茶的渴望，對可不可風格的嚮往。<\/span><\/p>
新莊幸福店,http://www.kebuke.com/proimages/card/new_taipei/5%B7s%B2%F8%A9%AF%BA%D6.jpg,<p><span>今天天氣睛，我只想耍廢<\/span><\/p><p><span>今天我是遊手好閒的扛霸子<\/span><\/p><p><span>就只想喝著熟成喝到廢。<\/span><\/p><p><span>浪費時間也算一種充電<\/span><\/p><p><span>這樣的今天，才是幸福的一天。<\/span><\/p>
中和民樂店,http://www.kebuke.com/proimages/card/new_taipei/6%A4%A4%A9M%A5%C1%BC%D6.jpg,<p><span>民樂又稱民間音樂，為「經過口傳過程發展起來的普羅大眾音樂」。民樂店以翻玩民族音樂「沙里洪巴」為背景，將當中歌詞「哪裡來的駱駝客呀，沙里洪巴嘿唷嘿」改為「哪裡來的可不可呀，拿來歐巴喝呀喝」。<\/span><\/p><p><span>將可不可植入在大家都耳熟能詳的世界知名民謠，多了份趣味又有記憶點。<\/span><\/p>
桃園新屋店,http://www.kebuke.com/proimages/card/Taoyuan/1%AE%E7%B6%E9%B7s%AB%CE.jpg,<p><span>桃園為北臺灣重要的稻米產區，而在這裡的居民高比例屬於客家族群，因此從農作及客家語教學下手，讓店卡文案親切化、融入在地，將「麼人泡介茶？恙會恁香！」一句標上發音，從未學習過客家語的人初見店卡時，也可憑藉音標嘗試說出「是什麼人泡的茶？怎麼會這麼香！」，襯托出我們熟成茶飄香百里之外。<\/span><\/p>
中壢中原店,http://www.kebuke.com/proimages/card/Taoyuan/%A4%A4%C3c%A4%A4%B6%E9%A9%B1_Web.jpg,<p><span>店卡以中原大學的M字型舊校門為背景，校門迎接著莘莘學子的到來，揮灑屬於他們的青春時光，也歡送一屆屆的畢業生踏出校園，在社會上嶄露頭角。它代表著一個世代的結束，也代表另一個世代的掘起。<\/span><\/p><p><span>畫面中二位無憂無慮的年輕人，代表著青澀的青春與不羈的夢想，<\/span><\/p><p><span>青春是人生最快樂的時光，這種快樂完全是因為它充滿著希望，而不是因為得到了什麼或逃避了什麼。<\/span><\/p><p><span>作伙乎乾吧，讓我們一起憶起那些一起作的蠢事與舊時光的美好。<\/span><\/p>
桃園中正店,http://www.kebuke.com/proimages/card/Taoyuan/3%AE%E7%B6%E9%A4%A4%A5%BF.jpg,<p><span>以桃園三結義三位英雄劉備、關羽、張飛，舉杯結拜的意象設計。<\/span><\/p>
中壢中山店,http://www.kebuke.com/proimages/card/Taoyuan/4%A4%A4%C3c%A4%A4%A4s.jpg,<p><span>中壢主河之一老街溪，近年沿溪岸邊景觀改造，特定橋段如橫跨老街溪的中興橋，更有定時定點光雕投影及互動裝罝，吸引許多情人於暮色相會，俯望溪水光影，好不浪漫。故店卡以「鵲橋」──牛郎與織女在銀河相會為景。<\/span><\/p><p><span>在天地之外的宇宙相會，看似極為浪漫的氛圍，結果牛郎忘了幫織女多帶一杯可不可，而手上那杯也不甘願讓給織女。而「寶貝 對不起」貫穿主題並具有穿梭時代的既視感。<\/span><\/p>
新竹金山店,http://www.kebuke.com/proimages/card/Hsinchu/1%B7s%A6%CB%AA%F7%A4s.jpg,<p><span>每個大男孩心裡，應該有著一處最柔軟的地方，留給了一隻狐狸，抑或一朵玫瑰，也可能還在流浪，緩慢迎來與飛機駕駛員相遇的那天。<\/span><\/p><p><span>別找了，我們已為各位點亮解渴的燈塔！<\/span><\/p>
新竹香山店,http://www.kebuke.com/proimages/card/Hsinchu/2%B7s%A6%CB%AD%BB%A4s.jpg,<p><span>音樂家巴哈在香山著名地標豎琴橋上演奏，搭配台語諧音豎(喝)飲料，勤喝茶，一語雙關。<\/span><\/p>
新竹清大店,http://www.kebuke.com/proimages/card/Hsinchu/3%B7s%A6%CB%B2M%A4j.jpg,<p><span>新竹以理工學院著名的國立大學，學子們常日以繼夜地做著實驗研究，亦如我們歷經長時間研發帶給大家獨樹一格的茶飲。<\/span><\/p>
竹北三民店,http://www.kebuke.com/proimages/card/Hsinchu/4%A6%CB%A5_%A4T%A5%C1.jpg,<p><span>以新竹最具特色的米粉為元素，雖然米粉可以被吹乾、曬乾，但我們的嘴巴絕對不能乾，讓我們一起將可不可紅茶一飲而下。<\/span><\/p>
湖口中華店,http://www.kebuke.com/proimages/card/Hsinchu/5%B4%F2%A4f%A4%A4%B5%D8.jpg,<p><span>以「湖口」做為發想主題，常說的江湖，帶有四處流浪、飄逸的意味，但這次概念讓江湖二字真實呈現字面上的意思，讓人真的在「江湖」內飲茶，帶出雙關用意，不論是人在江湖走跳或者人真的在江湖中間，都需要來杯茶，解解自己奔波辛勞的唇舌。<\/span><\/p>
竹北福興店,http://www.kebuke.com/proimages/card/Hsinchu/6%A6%CB%A5_%BA%D6%BF%B3.jpg,<p><span>以福興的偕音「福星」作為開場白，自從飲用可不可熟成紅茶後有時來運轉、扭轉乾坤的氣勢，再來以「福星高照 鴻運當頭」代表即將帶來好運兆，希望讓客人拿了這張店卡之後時刻都有福星相隨。<\/span><\/p>
新竹巨城店,http://www.kebuke.com/proimages/card/Hsinchu/%B7s%A6%CB%A5%A8%AB%B0%A9%B1%A5d%28%B7s191002%29.jpg,<p><span>以附近重要地標&ndash;巨城商場為發想概念，當格列佛初來到小人國時，被嬌小的人民詢問：在巨人國裡是否也有販售熟成紅茶，因為大杯喝起來會更過癮、更解渴!<\/span><\/p>
鹿港民權店,http://www.kebuke.com/proimages/card/Changhua/1%B3%C0%B4%E4%A5%C1%C5v.jpg,<p><span>彰化鹿港區域以其保有古蹟建築文物著名，因而店卡也同樣以保留傳統文化為重點，採用了剪紙雕花風格，將各神祇寺廟常見的門神再現，沿用門神左右庇護的概念，搭配兩行順口對句「風調雨順」──同時也是門神四大天王所代表之意涵、「嘴乾免」貫穿主軸，一面以祈境內太平、一面來守護大家的喉嚨。<\/span><\/p>
彰化中正店,http://www.kebuke.com/proimages/card/Changhua/2%B9%FC%A4%C6%A4%A4%A5%BF.jpg,<p><span>融入時下網路用語，以及地名元素，意義是什麼？<\/span><\/p><p><span>你喝過、看過、細讀過，也許就會知道囉～<\/span><\/p>
員林靜修店,http://www.kebuke.com/proimages/card/Changhua/3%AD%FB%AAL%C0R%AD%D7.jpg,<p><span>凱撒有著十足的幹勁以及堅強的意志，又長於演說，更對司法與政治兩者有深刻的瞭解，使他在權力階級中的地位迅速攀升。<\/span><\/p><p><span>儘管他毫無疑問地是位能言善道的領導者，但是一般咸信，他之所以能具有領導的能力，完全是因為＿＿＿的緣故？<\/span><\/p>
彰化和美店,http://www.kebuke.com/proimages/card/Changhua/4%B9%FC%A4%C6%A9M%AC%FC.jpg,<p><span>在幾十年前，和美是製作雨傘骨架和紡織的重鎮，外銷各國，內銷全台；當時絕大部分的紡織和雨傘產品都來自於此，全台家喻戶曉。以紡織為出發，將「織女」女性的元素帶進，用暖色的粉紅作為代表，略帶時裝的感覺。主要元素的服裝和雨傘作為主軸，加上「用料實在、品質保證、水勾大辦」的台式標語，帶出時尚與傳統的結合。<\/span><\/p>
彰化北斗店,http://www.kebuke.com/proimages/card/Changhua/5%B9%FC%A4%C6%A5_%A4%E6.jpg,<p><span>以男孩模彷北斗神拳為主題，帶出立下志願成為強者的宏大目標。「開軒平北斗，七星立天命」字面的意思是打開窗戶好像跟天上的北斗相平，在遠望七星的同時也立下自已的志向，終要睥睨天下，目空寰宇的氣魄。<\/span><\/p>
彰化秀水店,http://www.kebuke.com/proimages/card/Changhua/6%B9%FC%A4%C6%A8q%A4%F4.jpg,<p><span>「秀水」兩字不禁讓人聯想到山清水秀般的鬱鬱蔥蔥，忍不住的讓人詩情畫意了起來，便以秀才吟詩作對發想聯結秀水二字。<\/span><\/p><p><span>「李秀才拜現代科技發達之賜，坐守家中也能獲之飲品。真可謂『秀才不出門，能知天下水。』」<\/span><\/p>
彰化溪湖店,http://www.kebuke.com/proimages/card/Changhua/7%B9%FC%A4%C6%B7%CB%B4%F2.jpg,<p><span>發自於「溪湖」諧音如「seafood」，因而採用了「 感恩溪湖、讚嘆溪湖」的流行梗。<\/span><\/p><p><span>造物者覺得渴，於是有了可不可，眾生得以解渴，無不頂禮讚嘆。<\/span><\/p>
永靖瑚璉店,http://www.kebuke.com/proimages/card/Changhua/8%A5%C3%B9t%B7%E4%E6%A3.jpg,<p><span>「瑚璉」在古時侯是形容貴重的禮器，亦是形容人有才華、大器<\/span><\/p><p><span><br \/><\/span><\/p><p><span>我們採用米開朗基羅《創世紀》畫中最動人心弦的一幕《亞當誔生》來當背景，<\/span><\/p><p><span>上帝創造了亞當，亞當製作了絕世好茶，都是大器之作。而從天飛來的上帝，將手指伸向亞當的飲料杯，這一戲劇性的瞬間，彷佛上帝刻意下凡其實是為了要朝聖絕世好茶，並沒有特別理會亞當的劇情，讓瑚璉店與人類啟示錄作了趣味性的視覺意象的結合。<\/span><\/p>
南投草屯店,http://www.kebuke.com/proimages/card/Nantou/1%ABn%A7%EB%AF%F3%A4%D9-.jpg,<p><span>太平路屬於鬧區，也緊鄰傳統市場，年齡層約40以上或18以下，使用老人形象來代言（如早期藥品廣告），以台語當標語，混入新世代的網路表情，和早年流行金曲《爺爺泡的茶》，三大方向進行以拉近三個不同世代的距離。<\/span><\/p>
南投民族店,http://www.kebuke.com/proimages/card/Nantou/2%ABn%A7%EB%A5%C1%B1%DA.jpg,<p><span>南投民族路是鬧區，多為傳統結構的家庭，過年相當熱鬧。在女權意識抬頭，店卡設計想為奔波繁忙的家庭主婦發聲，辛勞採購的午後，也應該留一段偷閒給自己，或是也讓孩童們知道母親付出與辛勞。<\/span><\/p>
雲林虎尾店,http://www.kebuke.com/proimages/card/Yunlin/1%B6%B3%AAL%AA%EA%A7%C0.jpg,<p><span>以經典摔角人物「虎面人」為主角，打造充滿熱血運動感的格鬥擂台<\/span><\/p><p><span>兩人揮汗如雨的拼鬥不為勝負，單純只想趕快把全身氣力放盡，找機會與你再享用一次可不可熟成紅茶。<\/span><\/p>
雲林斗六店,http://www.kebuke.com/proimages/card/Yunlin/2%B6%B3%AAL%A4%E6%A4%BB.jpg,<p><span>關於斗六的地名，地方文獻中有因星座方向而命名的說法：在北斗星之南，有織女星座共六顆星，地理位置剛好在北斗街的南方，便稱為「斗六」，與以同星象命名，驅邪避煞專用的南門六星呂祖桃木劍不謀而合的相呼應著。<\/span><\/p><p><span>解卦、解惑、解險可不可？答曰﹕「咱們這裡只解渴。」<\/span><\/p>
嘉義民族店,http://www.kebuke.com/proimages/card/Chiayi/%B9%C5%B8q%A5%C1%B1%DA.jpg,<p><span>以嘉義阿里山日出雲海美景為背景，主題為「一期一會，日出好美」<\/span><\/p><p><span>一期一會是一個源於日本茶道的成語，意思是在茶會時領悟到這次相會無法重來，是一輩子只有一次的相會。<\/span><\/p><p><span>年輕的男女朋友一邊看日出，一邊品好茶，象徵著一段青春無敵的美好時光，也傳達給顧客請珍惜當下美好的每一刻，儘情揮灑自已的青春。<\/span><\/p>
台南青年店,http://www.kebuke.com/proimages/card/Tainan/1%A5x%ABn%ABC%A6~.jpg,<p><span>「我當值星&nbsp; 只做三件事 第一解渴&nbsp; 第二解渴 第三還是解渴！！！ 」<\/span><\/p><p><span>#讓他們喝<\/span><\/p><p><span>#茶在手 跟我走<\/span><\/p>
台南大灣店,http://www.kebuke.com/proimages/card/Tainan/2%A5x%ABn%A4j%C6W-2.jpg,<p><span>大灣店臨近之科大校內有一具有歷史典故的鯽魚潭，在上古時為大灣海峽，後因地盤上升而成湖、進而逐漸演變成潭。早期因潭水終年不枯，為境內非常重要的水源地，而此地當然也以「鯽魚」的魚獲量相當豐富而得名。<\/span><\/p><p><span>將場景拉至潭邊，「放長線釣大魚」的整體概念融入其中，以復古教科書繪製手法呈現學院風，提醒著人們非以一般的小魚為主要目標，而是以宏遠的計畫以利將來取得著更大的收獲。<\/span><\/p>
新營中山店,http://www.kebuke.com/proimages/card/Tainan/3%B7s%C0%E7%A4%A4%A4s.jpg,<p><span>未設置火車站前的新營並不繁榮，當時的商旅重鎮以鹽水等地的港口為主，而新營僅扮演著陪襯的角色，直到日本政府設立新營火車站的1901年開始起，新營火車站逐漸轉變成為糖、鹽的轉運站，隨後，縱貫公路貫穿新營市區，交通運輸業成為新營地區發展的重要命脈，而新營火車站也成為北台南地區重要的出入門戶。附近商圈隨著蓬勃發展的運輸業而生，鼎盛時期，火車站腹地週遭商家林立，一片車水馬龍的景象。<\/span><\/p><p><span>因為新營店附近即為火車站，而且火車站對新營來說占非大重要的歷史質量，此次新營的店卡就以「火車站」為主題發揮。<\/span><\/p><p><span>以愛人在火車站分離為背景故事，苦追著已開走的火車的女孩，本來讓人以為是要挽留男友，但原來她不甘願的是男友手上的可不可熟成紅茶，簡單有力的「這杯還我」另人會心一笑，也表現出年輕人對於感情部分天真又直率的一面。<\/span><\/p>
新市南科店,http://www.kebuke.com/proimages/card/Tainan/4%B7s%A5%AB%ABn%AC%EC.jpg,<p><span>新市區往昔是一個農業城鎮，到民國60年代初，隨著臺灣經濟發展，不少知名的紡織、食品廠等傳統產業設立於本區，到了民國70年代後期，高科技產品成為臺灣經濟主流，1995年臺南科學工業園區（後改為南部科學工業園區）成立，大幅改善南科週邊環境品質，而因為近年來由於南科帶來大量的人口，使得新市發展相當快速。<\/span><\/p><p><span><br \/><\/span><\/p><p><span>以南科為發想，以研究人員專心的以顯微鏡觀察可不可熟成紅茶為畫面主軸，呼應「魔鬼藏在細節裡」的標語，將可不可「堅持細節」的企業精神表露無疑。<\/span><\/p>
永康大橋店,http://www.kebuke.com/proimages/card/Tainan/5%A5%C3%B1d%A4j%BE%F4.jpg,<p><span>以三國演義中的絕世佳人姐妹花「大橋小橋」為主角，二女在當時有「大橋娉婷小喬媚，秋水並蒂開芙蓉」的傾城之美，自然成了歷代文學藝術家筆墨渲染之對象。<\/span><\/p><p><span>在店卡中以西式版畫風格來詮譯東方人物，別有一番風味，而以 「渾然熟成、國色天香」形容二橋之美外，也象徵可不可天然茶香所帶來的高雅氛圍。<\/span><\/p>
台南東安店,http://www.kebuke.com/proimages/card/Tainan/6%A5x%ABn%AAF%A6w.jpg,<p>東安店屬台南東區，在縣市合併之前，因位於原省轄臺南市東側而得名。區內大專院校與國中小遍布，有「文教區」之美譽；而國道一號、縱貫公路與臺鐵縱貫線等重要交通路線皆有通過本區、故商業機能亦極為發達。<\/p><p>店卡以「文教學術」為主軸，以較為幽默的口語說明物理教科書中的學生所實驗的「虹吸現象」，呈現輕鬆且有趣的氛圍。<\/p>
善化中山店,http://www.kebuke.com/proimages/card/Tainan/7%B5%BD%A4%C6%A4%A4%A4s.jpg,<p>矗立於台南市善化鬧區83年的善化戲院，自從70年代停止營業後荒廢迄今，只能從周邊攤販遙想往日的繁華。為了向善化戲院致敬，店卡採用老戲院的場景，由解渴救星領銜主演的片頭，台下座無虛席、一致叫好，以懷舊視覺喚起兒時的記憶，帶領大家一起回到舊時代的美好。<\/p>
台南公園店,http://www.kebuke.com/proimages/card/Tainan/8%A5x%ABn%A4%BD%B6%E9.jpg,<p>臺南公園於日治時期的大正六年（1917年）開園，為該市最古老、及最大的公園。由於兼作熱帶實驗林的關係，大小樹木有800多棵，喬、灌木植物約160種，之中有26種、78棵被市政府指定為「珍貴老樹」。<\/p><p>店卡以公園為主題，眾人集結於公園裡慶祝可不可的到來，一邊喝著紅茶一邊圍繞著樹木跳舞的畫面，彷如置身天堂般、無樂不作的氛圍。有熟成，就有歡樂！<\/p>
小港漢民店,http://www.kebuke.com/proimages/card/Kaohsiung/1%A4p%B4%E4%BA~%A5%C1.jpg,<p><span>1970到1980年代，高雄還有名聞世界的拆船業，而小港是全國最大的舊船解體場，此地有卅餘家拆船解體公司，有萬餘名工人在此工作，當時小港被稱為「拆船王國」，拆船業號稱是「世界第一」。以淡海藍為基底，載著復古潛水頭盔的拆船工人，於中場休息時正式著裝前往參加茶會，反映著勞工們辛勤的工作後，大口地喝杯好茶。<\/span><\/p>
鳳山光遠店,http://www.kebuke.com/proimages/card/Kaohsiung/2%BB%F1%A4s%A5%FA%BB%B7.jpg,<p><span>以清領時期的鳳山縣八景中的「鳳岫春雨」改為「鳳岫春光」，形容此山外形如同飛鳳展翅，畫面中放置雙人鳳仙子，一個為世人彈奏聖歌，一個奉上如曙光般的可不可茶飲，代表心繫蒼生，欲要使濟世安邦。<\/span><\/p>
高雄熱河店,http://www.kebuke.com/proimages/card/Kaohsiung/3%B0%AA%B6%AF%BC%F6%AAe.jpg,<p><span>主題單純就「熱河」二字本身字義作發想，「熱」讓人有熱血激昂的感覺，而「河」讓人有CALM的FEEL，<\/span><\/p><p><span>二者衝突卻又調合，感覺跟搖滾的SPIRIT不相謀合，於是沿用經典搖滾專輯「NEVERMIND從不介意」來作主視覺發揮。除了以幽默致敬經典，也呼應著時下年輕人直接了當的熱血。<\/span><\/p><p><span>「我介意的很，因為我的可不可掉到河裡」<\/span><\/p>
高雄自立店,http://www.kebuke.com/proimages/card/Kaohsiung/4%B0%AA%B6%AF%A6%DB%A5%DF.jpg,<p><span>以經典廣告「鐵牛運功散」為梗，在此將「自立」代表著自主獨立的年輕人。<\/span><\/p><p><span>年輕人在外打拼，難免思鄉之情卻，為了不讓父母擔心，每日電話報備早晚按時服用可不可熟成紅茶，身體清涼了，心暖了，才有動力繼續打拼！<\/span><\/p>
漢神自強店,http://www.kebuke.com/proimages/card/Kaohsiung/5%B0%AA%B6%AF%A6%DB%B1j.jpg,<p>欲窮千里，更上一層樓，登高乎乾！<\/p><p>#金剛不壞之身<\/p><p>#唯有可不可<\/p>
高雄文化店,http://www.kebuke.com/proimages/card/Kaohsiung/6%B0%AA%B6%AF%A4%E5%A4%C6.jpg,<p><span>文化店位於苓雅區，鄰近高雄文化局、文化中心、圖書館等行政中心，且週圍儘是學校單位，充滿著文化與藝術氣息，店卡自然以學術青年為主軸&hellip;<\/span><\/p><p><span>而以湖水綠+墨水綠為主色意圖使人「靜心沉墨、專心讀冊」的氛圍，搭配著提神醒腦的解渴秘方，讓學子們科科滿分、高中狀元！<\/span><\/p>
高雄大社店,http://www.kebuke.com/proimages/card/Kaohsiung/7%B0%AA%B6%AF%A4j%AA%C0.jpg,<p><span>社會在走 這杯要有！<\/span><\/p><p><span>#帶上它 一起帥<\/span><\/p><p><span>#可不可 陪你扛&nbsp;<\/span><\/p>
高雄文山店,http://www.kebuke.com/proimages/card/Kaohsiung/8%B0%AA%B6%AF%A4%E5%A4s.jpg,<p>「來者報上名來！」<\/p><p>「熟成微糖微冰！謝謝！」<\/p><p>#義薄雲天<\/p><p>#忠誠敬業<\/p><p>#乾下這杯文山結義<\/p>
楠梓德賢店,http://www.kebuke.com/proimages/card/Kaohsiung/9%B7%A3%B1%EA%BCw%BD%E5.jpg,<p><span>楠梓區產業以工商業為主，過去因中油設立高雄煉油總廠以及經濟部設立楠梓加工出口區，而快速帶動本區經濟發展及人口流入。近年來市政府輔助加工區產業轉型為科技發展且規劃楠梓第二園區，帶回更多廠商進駐、就業機會及人口移入，目前為高雄市人口快速成長區之一。<\/span><\/p><p><span><br \/><\/span><\/p><p><span>以科學工業為主題背景，將工業風的原素帶入，在畫面中敘述調配好茶的多道程序與製茶的辛苦，以「凡人歌」中的歌詞改編成「終日為解渴，一刻不得閒」，在諧音中帶入「德賢」讓消費者可快速聯想<\/span>。<\/p>
鳳山五甲店,http://www.kebuke.com/proimages/card/Kaohsiung/10%BB%F1%A4s%A4%AD%A5%D2.jpg,<p>回溯五甲最原始的務農場景，店卡以米勒的知名畫作《拾穗者》來改編。描繪三名農婦在金黃色麥田一邊撿拾麥穗一邊喝著紅茶，亦呈現史詩般的崇高意境。<\/p><p>店卡配上SLOGAN「粒粒皆辛苦，解渴最幸福」，主要傳達大家未忘初心，「辛苦的每一步，終將得到回報」的意念。<\/p>
屏東勝利店,http://www.kebuke.com/proimages/card/Pingtung/%AB%CC%AAF%B3%D3%A7Q.jpg,<p><span>紅色的背景色代表著古代戰士的紅袍，以授獎儀式為背景，輔以皇家桂冠代表勝利者的最高榮譽，勝利者擺著國片喜劇「公子多情」裡的經典pose，改編經典台詞「下定決心、不怕犧牲、排除萬難、我們要乎乾」。<\/span><\/p><p><span>「身為人生勝利組，隨時帶上一杯，理所當然。」<\/span><\/p>
信義松山店,http://www.kebuke.com/proimages/card/Taipei/10%ABH%B8q%AAQ%A4s.jpg,
新莊民安店,http://www.kebuke.com/proimages/card/new_taipei/7%B7s%B2%F8%A5%C1%A6w.jpg,<p>新莊區境內多工業重鎮，店卡以工業為主題，將機械輪軸所產生的的動能原理，以文藝復興時期的風格繪製，SLOGAN 改編自古典力學的公式，以「質量不變、動力無限」來表達「源源不絕的動力，來自於公司對茶品的質量堅持」。<\/p>
蘆洲民族店,http://www.kebuke.com/proimages/card/new_taipei/8%C4%AA%ACw%A5%C1%B1%DA.jpg,<p>蘆洲原為一河洲，常吸引成群的鷺鷥翱翔於蘆花水澤間，蔚為景觀，故亦有「鷺洲」的別稱。<\/p><p>店卡主軸採用「人」與自身的「抉擇小精靈」作對話，小精靈無時無刻提醒著主人要買可不可，主人的無奈淡定和小精靈的無比堅定形成強烈的kuso對比，正所謂「盧你千遍也不厭倦」，而背景也延用了蘆洲區特色植物、區鳥──蘆葦及白鷺鷥（左下角主人的衣服上），在店卡上注入了強烈的地區特色。<\/p>
桃園南平店,http://www.kebuke.com/proimages/card/Taoyuan/5%AE%E7%B6%E9%ABn%A5%AD.jpg,<p>以「南屏晚鐘」為發想主軸，由「鐘」聯想至電影裡包租婆的大絕招「獅吼功」，頻繁地使用此招必定會喉乾口渴，所以配上經典改編廣告口白「我獅吼　而且我喝可不可」，給顧客一種復古、有趣的工商時間的廣告感受。<\/p>
信義永春店,http://www.kebuke.com/proimages/card/Taipei/10%ABH%B8q%A5%C3%ACK.jpg,<p>怎麼了 我渴了 說好的 乎乾呢<\/p><p>你喝了 不渴了 那我的 熟成呢<\/p><p>&nbsp;<\/p><p>#叫他去買居然自已獨享<\/p><p>#說好的乎乾呢？<\/p><p>#我可不會假裝沒事<\/p><p>#可不可熟成紅茶<\/p>
南京三民店,http://www.kebuke.com/proimages/card/Taipei/11%ABn%A8%CA%A4T%A5%C1.jpg,<p>以臨近三民店的「台北偶戲館」為靈感，兩名青年正在把玩著木偶騎士。原本是刀光劍影的木偶戲，卻讓兩名騎士手中各拿了紅茶，於是放下刀劍、作伙乎乾，將紅茶作為代表和平並緩和氣氛的友好象徵。<\/p>
台北錦州店,http://www.kebuke.com/proimages/card/Taipei/12%A5x%A5_%C0A%A6%7B.jpg,<p><span>錦州街又稱美食一條街，整條長街沿路不間斷的美食，撲鼻的香味就像招蜂引蝶的大花園。錦州街四週也圍繞許多公園，因此店卡運用了花園元素，應景外也象徵著錦州街繁華熱鬧的美食生態。<\/span><\/p><p><span>以「繁花似錦，舉杯解膩」為主題，女人乘坐著大到誇張的蝴蝶，福蝶代表著大大福氣，繁花似錦、美食當前一切如此美好，而在享福的同時也不要忘記舉杯解膩。<\/span><\/p>
三重正義店,http://www.kebuke.com/proimages/card/new_taipei/9%A4T%AD%AB%A5%BF%B8q.jpg,<p><span>以店名「正義」為發想主軸，我們請出正義女神朱斯提提亞為證，女神提著天秤，裁量著每一杯茶，皆與良心與愛等重，不多不少。體現在正義面前，人人皆得其賜福解渴。<\/span><\/p>
基隆孝一店,http://www.kebuke.com/proimages/card/keelung/1%B0%F2%B6%A9%A7%B5%A4%40.jpg,<p><span>以「孝」來作店卡主軸，改編自二戰時期經典廣告海報「WE CAN DO IT」風格，將人物轉換成為母則強的形象，並以「聽媽媽的話」將「孝」與「可不可熟成紅茶」作結合，形成剛柔並濟的形象店卡。<\/span><\/p>
新豐建興店,http://www.kebuke.com/proimages/card/Hsinchu/8%B7s%C2%D7%AB%D8%BF%B3.jpg,<p><span>新豐鄉舊稱紅毛鄉，因境內紅毛港而得其名。《新竹縣志》記載，荷蘭人因船隻破損，登陸在臨近的新豐鄉港口，是荷蘭人最早登陸的地方。在荷蘭人及鄭成功治台時，這裡是西岸唯一之貿易港口。<\/span><\/p><p><span>店卡採用紅毛港的背景原素，大海、紅樹林、大船即將登陸的既視感，口白「別怕，這裡還有紅茶」消除了剛登陸新大陸的恐慌感，給人們一種安定的力量及信仰。<\/span><\/p>
台中大智店,http://www.kebuke.com/proimages/card/Taichung/16%A5x%A4%A4%A4j%B4%BC.jpg,<p>發掘老台中80年代的活力熱鬧，也對老飲料的廣告風格行最高致敬，東區東區，老台中的魅力隨著節奏邊舞邊體會。<\/p>
左營裕誠店,http://www.kebuke.com/proimages/card/Kaohsiung/11%A5%AA%C0%E7%B8%CE%B8%DB.jpg,<p>左營區位高雄捷運紅線巨蛋站、漢神巨蛋附近，並結合附近瑞豐夜市形成「巨蛋商圈」，被視為北高雄近期崛起的重要商圈。<\/p><p>店卡以「誕生」為主軸，又採用左營區的巨大標的物「巨蛋」為元素，營造解渴救星「橫空出世、眾望所歸」的期盼感。<\/p>
前鎮瑞隆店,http://www.kebuke.com/proimages/card/Kaohsiung/12%ABe%C2%ED%B7%E7%B6%A9.jpg,<p><span>南明政權的水師中軍由鄭成功統帥，下分為前、後、中、左、右五提督，後來實際成為明鄭政權最高階的軍事單位。下又分為前、後、左、右、中五鎮，其中中提督前鎮屯營於此地，故名「前鎮」。<\/span><\/p><p><span>以「鎮營守地」的概念製作店卡，「好漢不提當年勇」帶出前線英勇戰士的榮耀，如同鎮守著一杯熟成的紅茶的名譽那麼重要。<\/span><\/p>
岡山維仁店,http://www.kebuke.com/proimages/card/Kaohsiung/13%A9%A3%A4s%BA%FB%A4%AF.jpg,<p><span>岡山是重要空軍基地、空軍官校也設立於此，形成岡山特有的空軍文化，亦是培養台灣空軍的重要搖籃。<\/span><\/p><p><span>以飛行員駕飛機在天空翱翔，在天空之城追求著心中渴望與自由，就像喝下熟成紅茶那種渾然天成的感受。<\/span><\/p><p><span>SLOGAN配上經典電影「TOP GUN」中的經典台詞「fell the need」，也就是「我感覺到一種渴求」來貫穿主題，形成獨有的在地岡山風格。<\/span><\/p>
土城學府店,http://www.kebuke.com/proimages/card/new_taipei/10%A4g%AB%B0%BE%C7%A9%B2.jpg,<p><span>以耳熟能詳的熱門金曲「大城小愛」為主題，「腦袋都是妳、心裡都是妳」即是以雙關語呈現，在此的「妳」也可代表紅茶，戀人末滿、熟成乎乾，一杯催落讓人們更有勇氣追求愛情。<\/span><\/p>
台北公館店,http://www.kebuke.com/proimages/card/Taipei/13%A5x%A5_%A4%BD%C0%5D%28%AA%BD%29.jpg,<p><span>1965年鐵路新店線廢止、大台北自來水取水口往上游直潭移動，水源地一名與公館逐漸混淆。捷運系統興建時，將原新店線水源地車站附近設立之台灣大學站、公館車站附近設立公館站合併，更奠定公館取代水源地的基礎。當時台北帝國大學（今台灣大學）設有水源地一站，而今日捷運公館站旁仍留有一棟「水源市場」，以及附近一條「思源路」與自來水博物館作為歷史的見證。<\/span><\/p><p><span><br \/><\/span><\/p><p><span>本店店卡以「水源」為軸心來延伸，畫面中採用水龍頭象徵水源意義，不過我們水龍頭的彼端是滿滿的熟成紅茶，以「熟成灌頂、甘露滋心」為主題，帶出另一種新世代的視覺禪意。<\/span><\/p>
羅東民權店,http://www.kebuke.com/proimages/card/Yilan/1%C3%B9%AAF%A5%C1%C5v.jpg,<p><span>「羅東」地名緣起於當地原住民噶瑪蘭族將「猴子」（rutung）稱為「老懂」，及後清代漢人開墾蘭陽平原，因而沿用其名，稱此地為「羅東」。<\/span><\/p><p><span><br \/><\/span><\/p><p><span>店卡將「老懂」帶入，採用黑色幽默手法詮釋電影《一代宗師》經典台詞「老猿掛印，關隘在回首」。這句話之深奧足為電影主軸，但在店卡中我們採用較為淺白易懂的版本「不回首的結果，就是熟成被拿走」。<\/span><\/p>
嘉義朴子店,http://www.kebuke.com/proimages/card/Chiayi/2%B9%C5%B8q%A6%B5%A4l.jpg,<p><span>早年的朴子，居民以務農維生，收入有限，農家婦女大多從事刺繡來貼補家用。當時朴子配天宮前的開元路集結了20餘家的繡莊，這條街也被稱為「刺繡街」。<\/span><\/p><p><span><br \/><\/span><\/p><p><span>將「朴」改為音近的「僕」，僕人穿著華美刺繡的服飾，以熟成之姿招喚解渴救星。「僕自小好為熟成 以至於今」則代表著一直以來對熟成紅茶的習慣性偏愛，至今從未變過。<\/span><\/p>
台南新興店,http://www.kebuke.com/proimages/card/Tainan/9%A5x%ABn%B7s%BF%B3.jpg,<p><span>新興店位於台南南區，南區的鯤鯓湖在17世紀曾有「半月沈江」的美名。店卡中情侶拿著可不可，俯瞰著鯤鯓湖的新月由東向西隱沒入海之勢，如此無限美景，男孩和女孩沉默不語，靜靜的感受這片刻的熟成與永恆。<\/span><\/p>
淡水清水店,http://www.kebuke.com/proimages/card/new_taipei/%E6%B7%A1%E6%B0%B4%E5%BA%2359673%3B%2363059%3Bweb%5B1%5D.jpg,<p><span>以耳熟能詳的冠軍金曲「流浪到淡水」為主軸<\/span><\/p><p><span>多人連線疊羅漢配上 SLOGAN「有緣 沒緣 大家來作伙」剛好呼應可不可的精神標語「作伙乎乾」，正所謂無縫接軌、恰到好處。<\/span><\/p>
台南市醫店,http://www.kebuke.com/proimages/card/Tainan/%E5%B8%2361404%3B%2361970%3B%E5%BA%2359673%3B%2363059%3BOL%5B1%5D.jpg,<p><span>台南崇德店的門牌號碼為666，<\/span><\/p><p><span>所以我們以嘻哈文化中滿常見的一種手勢來作主視覺。<\/span><\/p><p><span><br \/><\/span><\/p><p><span>關於666這個手勢的說法其實有兩種，其中一種就是源自於饒舌文化，代表著 The Primo Sign 也就是好極了的意思；而另外一種說法則是來自夏威夷地區和衝浪文化，在當地是一種打招呼的手勢，代表著「你好啊」的意思。<\/span><\/p><p><span>而以最新華人的流行語彙來說，是代表很火很溜很順很SKR的意思，意同「awesome」。<\/span><\/p>
文山萬芳店,http://www.kebuke.com/proimages/card/Taipei/%A4%E5%A4s%B8U%AA%DA_web.jpg,<p><span>萬芳的地名由來，事實上是源自於昔日的兩個礦場：萬隆礦場及芳川（朝日）礦場。從兩個礦場當中各取了一個字，於是變成了現在的地名：萬芳，並連帶產生一系列的相關的地名。<\/span><\/p><p><span>在文山地區產煤極盛時期，當地首屈一指的大礦坑，芳川礦坑每天有高達 500 名礦工開採煤礦。<\/span><\/p><p><span>店卡採用挖礦工人堅毅的背影，手中的紅茶被高舉著，這不只是一杯紅茶，是憑藉著信念所挖掘出來的夢想。<\/span><\/p>
林口三井店,http://www.kebuke.com/proimages/card/new_taipei/%AAL%A4f%A4T%A4%AB_web.jpg,<p><span>林口店面臨近三井OUTLET<\/span><\/p><p><span>故延用經典漫畫「灌藍高手」裡<\/span><\/p><p><span>主角之一的三井壽與安西教練的經典對話<\/span><\/p><p><span>「教練&nbsp; 我想打球」改成「教練 我想乎乾」<\/span><\/p><p><span>簡單的畫面及口白充滿戲劇張力，又表現出對熟成紅茶的熱情渴望，喚起許多人對經典漫畫的回憶。<\/span><\/p>
潮州新生店,http://www.kebuke.com/proimages/card/Pingtung/%BC%E9%A6%7B%B7s%A5%CD_Web.jpg,<p><span>潮州地區的平原曾為平埔族馬卡道族的所在地之一,<\/span><\/p><p><span>店卡取其意象並以&lt;潮&gt;字為發想,認識自己所在地區<\/span><\/p><p><span>的文化,其實是一件很潮的事,如同知道自己渴了,<\/span><\/p><p><span>來一杯紅茶一樣!<\/span><\/p>
汐止中興店,http://www.kebuke.com/proimages/card/new_taipei/%A6%C1%A4%EE%A4%A4%BF%B3%A9%B1%A5d.jpg,<p><span>汐止區位於新北市東北部，西以大坑溪、基隆河、內溝溪與台北市相鄰，東則以丘陵地與臺灣省基隆市相鄰，介於台北市和基隆市之間。全區地形多元，僅在基隆河沿岸有狹長平原，氣候常年多雨。<\/span><\/p><p><span><br \/><\/span><\/p><p><span>因為氣候多雨，店卡設計以相思症為主題，因為對熟成紅茶的重度上癮與渴望，如此日日夜夜相思成災已氾濫成河，拿到紅茶後迫不及待解渴乎乾的心情。<\/span><\/p>
台北市政店,http://www.kebuke.com/proimages/card/Taipei/%A5x%A5_%A5%AB%ACF_web.jpg,<p><span>位於信義區的百貨公司地段, 以消費為主題, 買一杯解渴的紅茶或一件精品服飾,&nbsp;<\/span>對於有品味的消費者們來說, 都是有相同價值的商品<\/p>
中和環球店,http://www.kebuke.com/proimages/card/new_taipei/%A4%A4%A9M%C0%F4%B2y%A9%B1.jpg,<p><span>因店面對面即是環球shopping mall，故以「環球」「星球」為主題，以時下年輕人喜歡恢諧用語「這杯很純」來傳達可不可紅茶「universal mind」的味覺與視覺無限想像空間，既解渴，又不解high.&nbsp;<\/span><\/p>
樹林站前店,http://www.kebuke.com/proimages/card/new_taipei/%BE%F0%AAL%AF%B8%ABe%A9%B1.jpg,<p><span>樹林站前門市就座落於樹林火車站前，所以店卡的視覺以早期火車車廂為背景，兩人相約「到站前 乾一杯」的有趣畫面<\/span><\/p><p><span><br \/><\/span><\/p><p><span>火車站充滿著複雜的情?，有團聚、有離別、有起點、有終點。<\/span><\/p><p><span>「到站前 乾一杯」有著多個解釋，除了直接表達到「站前店」乾一杯，畫面中的男女約定到站前乾杯，到站是兩人的終點亦或是起點，留下令人想像的伏筆。無論故事的結局如何，作伙乎乾、向前邁進是最好的選擇。<\/span><\/p>
板橋埔墘店,http://www.kebuke.com/proimages/card/new_taipei/%AAO%BE%F4%AEH%E1Y%A9%B1.jpg,<p><span>以附近光復橋的前身-昭和橋為主題, 昭和橋是一座興建於日治時期的吊橋,&nbsp;<\/span><\/p><p><span>為台北到板橋重要的道路, 帶來了當時的交通便捷,這次的店卡設計,將引領消費者,<\/span><\/p><p><span>來一起懷念復古的時光, 用馬車託運紅茶的想像, 來比喻飲品供不應求,&nbsp;<\/span><\/p><p><span>車如流水馬如龍的景象!<\/span><\/p>
高雄路竹店,http://www.kebuke.com/proimages/card/Kaohsiung/%B0%AA%B6%AF%B8%F4%A6%CB%A9%B1.jpg,<p><span>路竹區原為平埔原住民西拉雅族大傑巔社故地，舊名「半路竹」。其名稱可能於清康熙年間出現的，此地離安平約20里，離鳳山約26里，約在其半路，加以此地竹木茂盛，為往來行旅歇息納涼之地，故名「半路竹」。<\/span><\/p><p><span>店卡：人生的道路坎坷跌蕩，半路必定多有險阻，在遇到困難時，別忘記找解渴救星，先解渴乎乾KEEP CALM， 然後抱著堅定不移的初心，再次出發 。<\/span><\/p><div><\/div>
竹東長春店,http://www.kebuke.com/proimages/card/Hsinchu/%A6%CB%AAF%AA%F8%ACK.jpg,<p><span>店卡以「赤子之心&nbsp; 萬古長春」為主題<\/span><\/p><p><span>熟成就像大地回春一樣，乎乾解渴後，精神像春天一樣毫不衰退或祝願好事長存。<\/span><\/p><p><span>視覺採用多名年輕肉體的體操選手，以無厘頭的方式喝著可不可，配上「你咖骨五架嫩Q某」的噴飯標語，希望可粉們都常保年輕赤子之心，每天配上一杯可不可，每天都活的如沐春風。<\/span><\/p>
屏東廣東店,http://www.kebuke.com/proimages/card/Pingtung/%AB%CC%AAF%BCs%AAF%A9%B1_Web.jpg,<p><span>屏東市位於屏東平原之上，地勢平坦，物產豐富，充滿南國風情，氣候上則屬熱帶季風氣候，年均溫約25℃，也因為是全台灣日照時數最長的城市，而有「太陽城」的封號。<\/span><\/p><p><span>店卡以「太陽神阿波羅」絕世之姿降世太陽城，誓言為當地子民帶來炎熱天氣的解渴秘方；而因為阿波羅為天庭公認的第一美男子，故以「我唯一的原罪就是太帥」作為slogan, 既霸氣又不失恢偕<\/span><\/p>
高雄仁武店,http://www.kebuke.com/proimages/card/Kaohsiung/%B0%AA%B6%AF%A4%AF%AAZ_Web.jpg,<p><span>仁武棋盤<\/span><\/p><p><span>無論是中式的象棋抑或西洋棋，都是以仁之心，行武之實，棋盤上宛如一場戰局也是比武的意象，<\/span><\/p><p><span>但卻是當局者以鬥智取勝，畫面上放著棋盤，棋盤上只剩皇后和弱子以和局方式呈現，棋盤上也可<\/span><\/p><p><span>帶著一些寸土，象徵開墾的土地，呼應仁武鄉原為明鄭時期的開墾地區，整體來表達仁和武的精神!<\/span><\/p>
頭份尚順店,http://www.kebuke.com/proimages/card/Miaoli/%C0Y%A5%F7%A9%7C%B6%B6%A9%B1%A5d.jpg,<p><span>位於苗栗的頭份，早期由一批先民帶領家族移至此地發展<\/span>，當時，他們以拈鬮的方式來決定開墾的地點。抓到第1號的即為「頭份」，以此類推二份、三份等，後來沿用為地名。以這故事為背景，喝了紅茶後，一切順了，就會有好運降臨，馬上抽中頭獎!<\/p>
楊梅大成店,http://www.kebuke.com/proimages/card/Taoyuan/%B7%A8%B1%F6%A4j%A6%A8%A9%B1.jpg,<p><span>以楊梅的諧音字「YOUNG MAN」<\/span><\/p><p><span>致敬年輕人青春無敵的美好時光<\/span><\/p><p><span><br \/><\/span><\/p><p><span>背景以楊梅的果實與果樹呈現<\/span><\/p><p><span>傳遞出在地傳統文化的精隨<\/span><\/p><p><span>酷酷的小男孩，正經八百的拿著可不可的杯子<\/span><\/p><p><span>不失詼諧的風格、像是為傳統注入新的活水<\/span><\/p><p><span>視覺上呈現為消費者致敬，並提醒各位常保年輕的心、把握當下，盡情揮灑青春<\/span><\/p><div><\/div>
竹科園區店,http://www.kebuke.com/proimages/card/Hsinchu/%A6%CB%AC%EC%B6%E9%B0%CF%A9%B1%A5d.jpg,<p><span>竹科園區店<\/span><\/p><p>新竹科學園區內,為高精密的生產地區,以巴洛克裝飾的風格來呈現,&nbsp;<\/p><p>熟成紅茶的品質流程,來達到真正解渴的功效!<\/p>
沙鹿靜宜店,http://www.kebuke.com/proimages/card/Taichung/%A8F%B3%C0%C0R%A9y%A9%B1%A5d.jpg,<p><span>沙鹿，言由於此地風沙特多，所以稱「沙轆」。本區原是平埔族一支之拍瀑拉族『沙鹿』社Papora(巴布拉族) 居住的地方。他們的生活以狩獵捕鹿為主，並從事簡單的農事耕作。當時沙鹿稱為「沙轆社」，共有三十餘戶，是平埔族中的大村落。明鄭以後，漢人陸續來台開墾大肚山鹿寮山麓，早期山鹿多，漢人來到此地捕捉山鹿，搭建簡單的寮舍，以供休息暫歇或存放獵物。後來漸漸形成村落，此地就叫做鹿寮。鹿寮漸漸繁榮後，有「九萬十八千」的美譽。<\/span><\/p><p>沙鹿聽起來很像「salute致敬」，故採用張國榮的經典歌曲「追」裡面的歌詞「一追再追、追?一些生活最基本需要」來建構主題，人追趕喝著可不可的山鹿搭配砂點背景，畫面直白表現在地意義，並傳達可不可熟成紅茶為生活必需品的意念。<\/p>
蘆竹南崁店,http://www.kebuke.com/proimages/card/Taoyuan/%C4%AA%A6%CB%ABn%AEr%A9%B1.jpg,<p><span>以較為輕鬆的黑色幽默風格<\/span><\/p><p><span>改編自勉勵人生的經典語錄<\/span><\/p><p><span>「沒有過不去的坎」<\/span><\/p><p><span>「只有喝不完的紅茶」<\/span><\/p><p><span>當遇到難過坎坷<\/span><\/p><p><span>記得還有一群人<\/span><\/p><p><span>為了目標在努力<\/span><\/p><p><span>記得還有可不可<\/span><\/p><p><span>為了解渴而存在<br \/><br \/><\/span><\/p><p><span>來一杯熟成紅茶<\/span><\/p><p><span>放輕鬆~乎乾拉~<\/span><\/p>
龜山中興店,http://www.kebuke.com/proimages/card/Taoyuan/%C0t%A4s%A4%A4%BF%B3%A9%B1.jpg,<p><span>龜山區之地形係由一丘陵臺地合成。<\/span><\/p><p><span>丘陵似龜首，臺地似龜甲。故名「龜<\/span>山」。以古老神獸為想像，以巨龜為人們帶來解渴紅茶，並呼應人民身在龜山之中身，只求來一杯解渴的紅茶!<\/p>
八德桃鶯店,http://www.kebuke.com/proimages/card/Taoyuan/%A4K%BCw%AE%E7%C5a%A9%B1.jpg,<p><span>以北宋蘇軾《錦被亭》中的詩句<\/span><\/p><p><span>「煙紅露綠曉風香，燕舞鶯啼春日長」改編為<\/span><\/p><p><span>「燕舞鶯啼春日長，這杯我的別找碴」<\/span><\/p><p><span>畫面中茶香四溢、桃花滿滿、蓬勃興旺的景象<\/span><\/p><p><span>黃鶯雙雙對對四目相對，看似恩愛，其實正為了爭搶紅茶而怒目對視&hellip;「這杯我的別找碴」將看似傳統的花鳥圖令人眼前一亮，並表現出年輕人直率的一面。<\/span><\/p>
新竹光華店,http://www.kebuke.com/proimages/card/Hsinchu/%B7s%A6%CB%A5%FA%B5%D8%A9%B1.jpg,<p><span>70年代，新竹市有著台灣第一位的女性<\/span>詩人&ndash;陳秀喜，活躍於當時的新詩壇，店卡選自於她一詩中所提到的：誰不愛戀母親留給我們的搖籃。母親與小孩拿著紅茶乾杯呼應原句的搖籃意象，藉此也能引領著消費者重新認識新詩的文學<\/p>
太平中興店,http://www.kebuke.com/proimages/card/Taichung/%A5x%A4%A4%A4%D3%A5%AD%A9%B1%A5d_%AA%BD%A8%A4.jpg,<p><span>以地名太平的「平」為發想，讓畫面充滿和平氛圍<\/span><\/p><p><span><br \/><\/span><\/p><p><span>背景以鴿子和橄欖枝呈現，神話傳說中鴿子銜著橄欖枝是代表和平的象徵<\/span><\/p><p><span>重新將畫面更改，不僅讓鴿子銜來橄欖枝更帶來可不可品牌<\/span><\/p><p><span>畫面中兩個嘻笑玩耍的小天使，手中拿著可不可的杯子<\/span><\/p><p><span>讓人不禁想起現今和平的社會，帶給我們的心靈幸福<\/span><\/p><p><span><br \/><\/span><\/p><p><span>更希望消費者透過畫面，讓人感受到喝可不可的和平幸福感<\/span><\/p><p><span>以「天下太平、萬物安寧」為主旨，帶出另一種和平的視覺印象<\/span><\/p>
宜蘭中山店,http://www.kebuke.com/proimages/card/Yilan/%A9y%C4%F5%A4%A4%A4s%A9%B1%A5d.jpg,<p><span>歌仔戲為發源於臺灣宜蘭的本土漢文劇種，約產生於臺灣日治時期1900年代前後。歌仔戲正式的雛形為宜蘭本地的落地掃，吸收車鼓弄等元素，慢慢發展成小戲。而後又學習崑曲、高甲戲、北管戲、京劇等各類大戲逐漸具備完整的戲曲形式。<\/span><\/p><p><span>店卡採用歌仔戲中的經典「薛平貴與王寶釧」<\/span><\/p><p><span>採用我身騎白馬來乎乾的slogan，為傳統文化注入新的視覺表現，更體現出宜蘭在地文化與可不可的結合。<\/span><\/p>
中壢南園店,http://www.kebuke.com/proimages/card/Taoyuan/%A4%A4%C3c%ABn%B6%E9%A9%B1%A5d.jpg,<p><span>大時鐘是中壢地標之一，<\/span><\/p><p><span>曾經是許多人相約會面的地標。<\/span><\/p><p><span>三十多年前，手錶還是奢侈品，<\/span><\/p><p><span>公益社團在中壢市第一市場的三角路口，立了一座大時鐘，<\/span><\/p><p><span>以此提醒過路人一個準確的時計，當地人無以為名，遂直呼大時鐘，<\/span><\/p><p><span>店卡採用經典喜劇口白「我一秒鐘幾十萬上下」「我分分鐘都想喝紅茶」<\/span><\/p><p><span>來表達現代人的忙碌之餘，對於可不可熟成紅茶的極度渴望。<\/span><\/p>
桃園統領店,http://www.kebuke.com/proimages/card/Taoyuan/%AE%E7%B6%E9%B2%CE%BB%E2%A9%B1%A5d.jpg,<p><span>以「統領」兩字作發想概念，畫面中身騎白馬氣宇非凡的古代將領，手執信念、眼神堅定的指向前方，儘管路途遙遠，記得可不可總在身邊，陪大家一起前行。<\/span><\/p>
頭份建國店,http://www.kebuke.com/proimages/card/Miaoli/%C0Y%A5%F7%AB%D8%B0%EA_%A9%B1%A5d.jpg,<p><span>頭份市位於臺灣苗栗縣北部，是苗栗縣人口數最多的城市，具有濃厚的客家文化民情。<\/span><\/p><p><span>店卡以著名的客家民謠「採茶歌」的歌詞作為發想，1956年呂泉生先生以這篇歌詞，改編客家民謠寫成有名的「採茶歌」。這首作品當年編入六年級的「國民學校音樂課本」。<\/span><\/p><p><span>採茶歌的歌曲，反映了客家人的生活，可說是客家文化的代表作；歌曲與詩經或古詩19首中的採桑女，異曲同工接描繪著栩栩如生的生活情境。店卡中，歌謠的曲調融合著可不可的作伙乎乾的精神，呈現出豪邁與婉約的客家特色。<\/span><\/p>
台北南港店,http://www.kebuke.com/proimages/card/Taipei/%A5x%A5_%ABn%B4%E4%A9%B1%A5d.jpg,<p><span>南港軟體園區，全稱南港軟體工業園區，簡稱南軟，是位於臺灣臺北市南港區的知識型工業園區。產業以軟體IC設計、數位創意、生物科技及文化創意等知識密集型產業為主，並結合政府與民間企業之研發資源與創新設計，促進軟體產業升級，以達成「亞太軟體中心」與「全亞洲研發總部」之園區發展目標。<\/span><\/p><p><span>南軟在2015年計有企業家數418家，員工人數總計約24,443人，全年營業收入計新台幣5,804億元。其群聚效益不但榮獲英國經濟學人智庫EIU評比為亞洲四大軟體園區，園區績效表現亦是全亞洲第一。<\/span><\/p><p>店卡以南港軟體園區為發想，以「智慧」「研發」「創意」為主軸，畫面中研發人員正在尋找靈感的繆思女神，有著可不可的加持，三天三夜都不覺得累，加上絕頂聰明的「軟體」動物-章魚也要尬一腳，在畫面中呈現恢諧且充滿想象的魔幻感，象徵著「聰明的 就選可不可」的寓意。<\/p>
北屯四平店,http://www.kebuke.com/proimages/card/Taichung/%A5_%A4%D9%A5%7C%A5%AD%A9%B1_%A4u%A7%40%B0%CF%B0%EC_1_%BD%C6%A5%BB_14.png,<p><span>「四平八穩」形容十分平穩，也比喻一個人言語、行事穩當可靠。用成語的含義去做視覺發想，以馬戲團和騎單輪表演者去呈現<\/span>，表演者手中拿著可不可，代表他喝完後單輪車表演越喝越穩。更希望消費者來嘗試我們穩定品質的好茶，希望喝了一杯後，所有不順利煩惱的事，都是可以安穩順利度過。最後整體店卡畫面都運用對稱圖案的巧思，希望可以帶出另一種四平八穩的視覺印象，讓平穩的感受更深植人心。並加入特別小巧思外框運用8的字型剪影去呈現，更加深四平八穩『八』的含義。<\/p>
新竹城隍店,http://www.kebuke.com/proimages/card/Hsinchu/%B7s%A6%CB%AB%B0%B6%AA%A9%B1%A5d.jpg,<p><span>城隍廟位於新竹市之中心區域，<\/span>其本尊神像威儀嚴肅宛然（相似、彷彿）如生，當夕陽西下，神像滿面燦爛一片紀光，猶如鯉魚吐珠，蓋因城隍廟地處「鯉魚穴」口部正位之故。<\/p><p><span>採用古代的民間傳說「鯉魚躍龍門」，古人發現每年到了春季的時候，這些金色鯉魚會逆水上溯，由於水流湍急，沒有任何魚類可以登上，所以古代人們想像這些金色的鯉魚跳過龍門以後就會變化成龍升天而去。<\/span><\/p><p><span>店卡以斑駁的紅色代表廟門，佐金黃色配色呈現出濃厚的廟宇感，呈現猶如護身符般的視覺&hellip;而「鯉魚躍龍門」亦比喻逆流前進，奮發向上。「救星降凡塵」代表「可不可』以救星般姿態為大家解渴，並保佑大家升官發財、飛黃騰達。<\/span><\/p>
台南安南店,http://www.kebuke.com/proimages/card/Tainan/%A5x%ABn%A6w%ABn%A9%B1_%A4u%A7%40%B0%CF%B0%EC_1.jpg,<p><span>安南區在不到300年前仍是一片汪洋，屬於臺江內海的一部份，內海外緣臨臺灣海峽處則有沙洲堆積，回到海上貿易的時代，<\/span>可不可化身為貿易商船，運送著滿滿茶葉在此航行!搭配著耳熟能詳的懷舊歌曲 《快樂的出帆》裡的一詞&ndash;卡膜脈(日文海鷗之意)也來跟著熱鬧，來引起消費者的共鳴!&nbsp; &nbsp;&nbsp;<\/p>
內湖瑞光店,http://www.kebuke.com/proimages/card/Taipei/%A4%BA%B4%F2%B7%E7%A5%FA_%A9%B1%A5d01_%BD%C6%A5%BB.jpg,<p><span>內湖瑞光店地理位於新聞媒體業集中地，週邊有八大電視、緯來電視、TVBS等...... ，所以店卡設計以小孩看電視作為出發點，彷彿回家後喝著可不可配著電視，就像回到小時候的我們一樣天真快樂，小女孩身邊的雪納瑞的名稱更與瑞光店呼應，營造出可不可、電視、寵物都是每個人日常中的最佳夥伴！<\/span><\/p>
高雄正興店,http://www.kebuke.com/proimages/card/Kaohsiung/%B0%AA%B6%AF%A5%BF%BF%B3%A9%B1%A5d.jpg,<p><span>三民區盤據了高雄市中央核心地帶，是該市最大、人口最多的行政區，長期以來為高雄市的主要發展重心。<\/span><\/p><p>正興店位於高雄三民區，附近學校眾多書香四溢，年輕的學生們為了走向錦繡前程，無不寒窗苦讀，力爭上游&hellip;故本店卡為了勉勵莘莘學子，以「愛拼才會贏」為設計主軸，提醒年輕人為夢想奮鬥的的同時，書讀累了，別忘記來杯可不可，與之共渡美好青春。<\/p>
花蓮中山店,http://www.kebuke.com/proimages/card/Hualien/%AA%E1%BD%AC%A4%A4%A4s%A9%B1.jpg,<p><span>「白浪滔滔」的 〈捕魚歌〉，是台灣人朗朗上口的歌曲，最早出現在 1952 年的這部《花蓮行》清唱劇中的 〈捕魚之歌〉，並記註「阿美族民歌 \/ 李福珠作詞 \/ 張人模記譜」。<\/span><\/p><p>以「捕魚歌」作為店卡設計主軸，年輕的原住民在海邊嘻戲，彷佛在祝賀著可不可的到來而欣喜若狂，體現出花蓮在地文化與原住民樂天海派的精神<\/p>
新莊新泰店,http://www.kebuke.com/proimages/card/new_taipei/%B7s%B2%F8%B7s%AE%F5_%A4%E8%A7%CE%A9%B1%A5d.jpg,<p><p class="MsoNormal"><span>新泰店位於新月橋旁，新月橋是當地板橋及新莊的新地標，也是休閒遊憩的好去處，很適合三五好友、情侶或家人一起來散步。白天有他的美，夜晚有他的炫，而且從不同角度拍攝都有不同的驚喜，這次店卡設計從夜晚的新月橋發揮，像是條一條閃耀著無比璀璨的星橋，奔躍在河面上，而且晚上點起燈，七彩斑斕的色調變化非常醉人，夜晚的新月橋也特別適合情侶約會，配上可不可紅茶和浪漫的夜景，更可以去附近的新莊廟街大啖美食，這片風景貫穿月亮代表我的心這首歌的浪漫情懷，你去看一看，你去想一想，下一句就是要讓人接下一句『月亮代表我的心』。新泰店卡並運用負片效果，將夜晚的感覺更凸顯出來，更讓人為之一亮。<\/span><\/p><\/p>
高雄鼎中店,http://www.kebuke.com/proimages/card/Kaohsiung/%B0%AA%B6%AF%B9%A9%A4%A4%A9%B1%A5d.jpg,<p><span>以店面附近的金獅湖作為發想，<\/span>覆鼎金早期居民稱今高雄道德院後方之丘陵為獅山，或獅頭山，獅頭山又稱下水之金獅（因其為黃土丘陵，華人傳統以黃土喻金，含有吉祥之意）。二戰後，政府將此地闢為風景區，居民逐稱呼此湖為金獅湖，稱此地為金獅湖風景區。<\/p><p>店卡以經典動畫獅子王中的語錄「世間萬物都處在微妙的平衡」搭配經典廣告「傳說拔到獅子的鬃毛，掉落的頭髮就能長回來」的畫面，旨在表現「別去打擾喝著紅茶的獅子」，朔造令人莞爾一笑的黑色幽默<\/p>
台中大墩店,http://www.kebuke.com/proimages/card/Taichung/%A5x%A4%A4%A4j%BC%5B3_%A7%B9%BDZ_%BD%C6%A5%BB_6.png,<p><p class="MsoNormal"><span>以路名大墩路的『墩』作為發想，將『墩』的同音字『蹲』作為店卡畫面的構想，聯想到時下運動最流行的深蹲動作呈現，主角是兩個運動中的少女做深蹲，希望呈現出努力做運動的背後其實是更想再大口喝紅茶，也意指可不可紅茶的魅力，讓減肥的少女們也瘋狂，更希望大家可以作伙作運動，大口喝可不可！整體以詼諧搞笑的方式呈現，也用復古運動配色繪製，希望呈現出<\/span><span lang="EN-US">80<\/span><span>年代的運動風格。文案中的『大口乎乾，用心深墩』把大和墩放進文案裡面，讓消費者可以意外的發現文案的小驚喜。<\/span><\/p><\/p>
桃園內壢店,http://www.kebuke.com/proimages/card/Taoyuan/%AE%E7%B6%E9%A4%BA%C3c%A9%B1.jpg,<p><span>以內力作為內壢店的諧音為主題，習武之人總運用內力來替人療傷，並以中式復古的冊頁本為底，<\/span>結合經典科幻電影的台詞作為標語，翻玩中西共同元素，願內壢店永遠與你同在，永遠的解渴救星!&nbsp;&nbsp;<\/p>
竹北中正西店,http://www.kebuke.com/proimages/card/Hsinchu/%A6%CB%A5_%A4%A4%A5%BF%A6%E8%A9%B1%A5d.jpg,<p><span>竹北市昔為荒埔屬竹塹埔之一部，係蕃民打獵之場。<br \/><br \/><\/span>早期竹塹社人在荒埔捕鹿、捕山豬，其方式之一為放狗狩獵，所以成為合格的獵人是竹塹社人的必修功課。<\/p><p>以「獵人」的形象為思考延伸，以「獵戶座」為概念根基，「獵戶座」是一個非常顯著的星座，也許是夜空中最出名的一個。全世界的人都能看到它那些分布在天赤道上耀眼的星，也是各地人都認得的星座，也因此獵戶座一直有著「星座之王」的美譽<\/p><p>將獵戶座歌曲「夜空中最亮的星」、「克卜勒」及「解渴救星」的形象融合，帶有天文學的意境，並呈現經典的老派浪漫。<\/p>
中正南昌店,http://www.kebuke.com/proimages/card/Taipei/%A4%A4%A5%BF%ABn%A9%F7%A9%B1.jpg,<p><span>中正南昌店鄰近於中正紀念堂，紀念堂裡的憲兵交接儀式為觀光客的必訪之地，<\/span>這次將憲兵描繪成玩具小士兵的挺拔樣貌駐守，並搭配著日式復古畫風來呈現，只要是有志者都會來一杯熟成。&nbsp;<\/p>
左營崇德店,http://www.kebuke.com/proimages/card/Kaohsiung/%A5%AA%C0%E7%B1R%BCw%A9%B1%A5d_.jpg,<p><span>蓮池潭位於高雄市左營區東側，舊稱蓮花潭。蓮池潭周邊潭水因遍植荷花，在清領時期就名列鳳山八景，稱「泮水荷香」，現因湖畔半<\/span>屏山特殊造型與龍虎塔遠近倒映水中，而以「蓮潭夕照」聞名。入夜後的蓮池潭，水霧濛濛，景色若隱若現，予人難以言喻的神秘感。<\/p><p><span>蓮花是中國十大名花之一，自北宋周敦頤在〈愛蓮說〉中寫了「出淤泥而不染，濯清漣而不妖」的名句後，蓮花便成為「君子之花」，<\/span>成為神聖淨潔的象徵。<\/p><p><span>店卡採用蓮花池畔為主軸，希望藉此展現涼爽詩意的視覺觀感，如同可不可熟成紅茶帶給消費者的清涼暢快感受。<\/span><\/p><p><span>搭配在地俗語：「心 涼，脾土 開」「心 涼，脾土 開」原意為：心情若輕鬆，胃口著會開，食物好消化，身體著會勇。<\/span><\/p><p><span>在店卡中詮釋為：將心情放開、暫時放下世事，來一杯紅茶解脫束縛！<\/span><\/p>
石牌裕民店,http://www.kebuke.com/proimages/card/Taipei/%A5%DB%B5P%B8%CE%A5%C1.jpg,<p><span>店卡採用了石牌裡的「牌」字發想延伸，將店卡以黑色幽默包裝，同時勉勵人努力生活。&nbsp;<\/span><\/p><p>有一句經典語錄說：「人生的意義不在於拿一手好牌，而在於打好一手壞牌。」<\/p><p>人生就像打牌一樣，發牌就是上帝，不管你名下的牌是好是壞，都必須面對，你能做的，就是讓浮躁的心情平靜下來，坐下喝一杯可不可熟成紅茶，然後把自己的牌打好。<\/p><p>可不可，品的是紅茶，嚐的卻是生活。<\/p>
彰化民族店,http://www.kebuke.com/proimages/card/Changhua/%B9%FC%A4%C6%A5%C1%B1%DA%A9%B1%A9%B1%A5d_%A7%B9%BDZ_%B4y-01.jpg,<p><span>店卡採用英國的文學巨擘、民族詩人「莎士比亞」其中最著名的經典作品「羅密歐與茱麗葉」的陽台場景為發想<\/span><\/p><p>莎士比亞有一句浪漫的經典語錄「我比昨天多愛你一點，又比明天少一點。」<\/p><p><span>與日俱增的思念與依靠，就好像人們與可不可的微妙關系<\/span><\/p><p>現在你知道羅密歐不顧危險攀爬至陽台，不只是為了見茱麗葉了吧？<\/p>
三峽北大店,http://www.kebuke.com/proimages/card/new_taipei/%A4T%AEl%A5_%A4j%A9%B1%A9%B1%A5d.jpg,<p><p class="MsoNormal"><span>以位於三峽的臺北大學與鳶山為發想。<\/span>北大在校徽、校旗及校歌各方面都與三峽在地意象與科系傳統有關，例如鳶山、鳶鳥等元素，鳶山海拔僅<span lang="EN-US">321<\/span>公尺，緊鄰三峽鬧區。因為山的型狀就像飛翔在空中的鳶鳥之嘴，這才被命名為鳶山。<br \/>雖然海拔不高僅<span lang="EN-US">321<\/span>公尺，卻是俯瞰大台北地區最佳地點，視野極佳可將大漢溪、三峽、鶯歌、國道三號盡收眼底；不僅如此山上也有一個大石頭堆砌而成的的平台，許多旅客到此都會留下一張「腳底懸空照」，坐在石上雙腳懸空，俯瞰下方風景，把美景也一併拍下。<br \/>店卡採用英國大文豪狄更斯的語錄「希望是棲息於靈魂中的一種會飛翔的東西」，勉勵所有人永遠要懷抱希望，「小孩」代表著最原始的初心，「鳶」代表著天空，也就是舞台，手中的「可不可熟成紅茶」也就是解渴救星。追求夢想中的舞台是如此艱辛無比，渴了、累了，就讓可不可作你每一天的動力後援，解你的渴！追你的夢！<\/p><\/p>
苗栗府前店,http://www.kebuke.com/proimages/card/Miaoli/%AD%5D%AE%DF%A9%B2%ABe.png,<p><span>苗栗的舊稱為「貓貍」，平埔族語為「平原」之意，而貓貍山更為苗栗當地的知名地標，苗栗府前店位於貓貍山附近，貓貍山上的功維<\/span>敘刻字更為當時台灣總督─兒玉源太郎所提寫，至今仍歷久彌新、顯然易見，後來此處也被稱為功維敘隧道。<\/p><p>店卡以「功維敘隧道」作為發想，建造隧道為日治時期，將店卡以日式風格繪製，也將當時的隧道結合路過貓貍山的騎馬過客，畫面中的古人更連結鄭愁予的經典句子「我達達的馬蹄是美麗的錯誤」，將文句更改成「我達達的馬蹄是喝茶的腳步」，在畫面中呈現詼諧且充滿歷史的古代感，希望傳達出「路過苗栗時，一定要來一杯紅茶」。<\/p>
新莊五權店,http://www.kebuke.com/proimages/card/new_taipei/s%B2%F8%A4%AD%C5v%A9%B1_01.png,<p><span>新莊五權店位於三重五股陽光運河附近，陽光運河為當地居民散步、騎單車、溜冰、打籃球、釣魚好地點，當地也是著名的釣魚點，許多民眾也將自己的釣魚豐收照分享在網路上，也讓陽光運河成為當地的釣魚秘境。<\/span><\/p><p>店卡將陽光運河的釣魚特色及陽光作為延伸，以兩位少女在河邊釣魚畫面呈現，手中拿著可不可紅茶，再搭配陽光運河的光線，陽光灑落在少女身上，讓少女們金光閃閃，美麗動人。更想從店卡傳達出，多走出門更能讓人精神氣爽、閃閃動人！<\/p>
台中精誠店,http://www.kebuke.com/proimages/card/Taichung/%A5x%A4%A4%BA%EB%B8%DB%A9%B1.jpg,<p>維特魯威曾提出：人體的每個部分都和身高成一定比例。例如，人的頭高，從額頭到下顎的距離，是身體的1\/10（9頭身可以這樣理解）；雙臂平伸，臂展長度則和身高一致。達&middot;文西在維特魯威的理論上繪製此畫，目的在於通過直觀的繪畫向人們展示所謂神聖比例。人體神聖比例表現出了人體的對稱美，同事也反映出宇宙萬物對稱性這一規律。<br \/><br \/>將達文西著名的《維特魯威人》運用在「精誠」，並轉化為「精密計算、誠心調整過的黃金比例」，從而總結出紅茶比例規律的理論基礎上。<\/p>
忠孝新生店,http://www.kebuke.com/proimages/card/Taipei/%A9%BE%A7%B5%B7s%A5%CD%A9%B1.png,<p><p class="MsoNormal"><span>以華山文化創意產業園區為繪製發想，華山為台北藝術畫廊、展覽、各種藝文活動的聚集地，更為目前文青朝聖景點，畫面以華山展覽為設計，週末的人們最美的休閒娛樂，就是來華山看各式各樣的藝術展覽，文句引用羅丹的經典句：『美是到處都有的。對於我們的眼睛，不是缺少美，而是缺少發現。』華山是台北週末欣賞藝術的著名景點，來這裡走走能欣賞藝術美以及享用一杯可不可熟成紅茶。<\/span><\/p><\/p>
台南佳里店,http://www.kebuke.com/proimages/card/Tainan/%A5x%ABn%A8%CE%A8%BD%A9%B1%A5d.jpg,<p class="a"><span>佳里被稱為「詩人之鄉」。在<\/span><span lang="EN-US">1920<\/span><span lang="ZH-CN">年代和<\/span><span lang="EN-US">1930<\/span><span>年代之間，有一位台灣著名詩人吳新榮，在日治時期曾參與組織「佳里青風會」及「台灣文藝聯盟佳里支部」，為「鹽分地帶」文學集團代表人物之一。<\/span><span lang="EN-US"><\/span><\/p><p class="a"><span lang="EN-US">&nbsp;<\/span>直到今日，台灣文學界每年在台南市內舉行青年文藝營，參加者達數百人。小說、詩歌、散文都在交流之列。一些著名的作家、詩人、評論家應邀來這裡講學，對交流文學經驗、促進文學創作，都起到了良好的作用。<\/p><p class="a"><span lang="EN-US">&nbsp;<\/span><span>為致敬鹽分地帶的文學付出，店卡以文藝青年為發想，文藝復興時期的經典<\/span><span lang="PT">deco<\/span><span>畫風，搭配時下年輕人對「文青」的<\/span><span lang="EN-US">kuso<\/span><span>語錄對白，型塑質感與衝突的趣味感。<\/span><\/p>
桃園大興店,http://www.kebuke.com/proimages/card/Taoyuan/%AE%E7%B6%E9%A4j%BF%B3%A9%B1%A5d.png,<p><p class="MsoNormal"><span>將桃園虎頭山的恐龍裝飾藝術發揮，將恐龍與可不可做結合，標語句子更翻玩侏羅紀世界的經典句子：「生命總會找到自己的出路」將它更改成「生命會找到解渴救星」，更剛好呼應畫面裡面的暴龍餵食沒有手的雷龍喝茶的樣子，增添詼諧風趣感，顏色以神秘的紫色和復古的橘色做結合，希望營造出恐龍在你我心中的神秘感。<\/span><\/p><\/p>
龍潭東龍店,http://www.kebuke.com/proimages/card/Taoyuan/%AE%E7%B6%E9%C0s%BC%E6%A9%B1.jpg,<p><p class="MsoNormal"><span>位於市中心的龍潭曾被稱作靈潭坡，湖中長著菱角，如遇乾旱數日，只要在潭邊誠心祈雨，上天就會雨降甘霖，有一次久旱遲遲不下雨，居民後來連續吃素沐浴了三天，來到潭邊祈禱，此時突然巨響，潭中升起一隻黃龍，頓時下起了大雨，解決了乾旱，後來也被稱為龍潭陂，店卡將故事的畫面帶入其中，潭中升起的黃龍，象徵著解渴救星的到來，替居民帶來甘霖也解了百姓的渴。<\/span><\/p><\/p>